Workbook

Sheet Summary
A1: Kestrel Home - warranty fraud: findings so far
A2: Prepared from the data pack. Sheets: Assumptions, Backtest, Fraud patterns, Test period flags, Rupee calculator, Data issues & decisions, Next steps.
A4: Finding | B4: Detail
A5: Accuracy is the wrong KPI | B5: Flagging nothing scores 96.9% accuracy in June 2026 - nearly the board's 97%. A useful fraud model scores lower (about 95%) because it holds some genuine claims.
A6: What works instead | B6: Rupees of fraud stopped per claim checked. Backtests: about Rs 130-220 net per check; the desk catches roughly 40-60% of fraud with 40 reviews a month.
A7: Two kinds of fraud | B7: Until April: large claims close to the product price, repeat claimants. Since 1 May: small claims under Rs 2,000, uninspected, at a few outlets.
A8: Ritu is half right | B8: New partners went from 0% to 16% fraud since the change - but it is about 7 outlets (SP3160, SP3232, SP3318, SP3129, SP3319, SP3118, SP3286). Other new partners are clean (Meenal is right).
A9: Biggest practical lever | B9: 80% of the model's Jul-Sep flags fall on those 7 outlets. Audit them / pull their auto-approve right rather than reviewing 120 claims one by one.
A10: Biggest risk | B10: The pattern changed once (1 May) and the model failed completely when it had not seen it. Retrain monthly; brand-new outlets have no history.
A11: Expected score on hidden outcomes | B11: AUC about 0.80-0.90 (backtests 0.88-0.89). Roughly a third of flagged claims will be genuine fraud (precision about 25-30%).

Sheet Assumptions
A1: Assumptions used in every rupee calculation
A2: Blue = input you can change. Everything else in the workbook recalculates from these.
A4: Item | B4: Value | C4: Source / note
A5: Goodwill cost per genuine claim wrongly held (Rs) | B5: 380 | C5: Ops policy v4.1 s4: "goodwill worth Rs 380 on average".
A6: Investigation desk capacity (claims per month) | B6: 40 | C6: Ops policy v4.1 s5; Farhan Sheikh email.
A7: Typical claims per month | B7: 750 | C7: Training data: about 780 claims/month Apr 2025 - Jun 2026; test months 730-786.
A8: Blended cost of a service contact (Rs) | B8: 260 | C8: Ops policy v4.1 s4. NOT used: it is unclear whether it applies to a review or a repair visit. Decision: excluded, so net figures are slightly generous if each review costs a contact.
A9: Auto-approve threshold (Rs) | B9: 2000 | C9: Ops policy v4.1 s5, from 1 May 2026.
A10: Board KPI: accuracy target | B10: 0.97 | C10: Ritu Deshpande email / brief.
A12: Share of claims the desk can review | B12: =B6/B7 -> 0.053333333

Sheet Backtest
A1: Time-based backtest: how the model would have done
A2: Train only on claims before the cutoff, score claims from the cutoff to 30 Jun 2026. Flag the same share of claims the desk can review (5.3%). Final model type: logistic regression + outlet fraud history.
A4: Cutoff (trained on claims before) | B4: Claims scored | C4: Actual fraud | D4: Claims flagged | E4: Fraud caught | F4: Rs of fraud stopped | G4: Genuine claims wrongly held | H4: AUC | I4: Share of fraud caught | J4: 90% range, low | K4: 90% range, high | L4: Precision of flags | M4: Goodwill cost (Rs) | N4: Net Rs stopped | O4: Net Rs per claim checked | P4: Accuracy if we flag | Q4: Accuracy if we flag nothing
A5: 1 Jun 2026 (predict June) | B5: 713 | C5: 22 | D5: 38 | E5: 12 | F5: 18174 | G5: 26 | H5: 0.892 | I5: =E5/C5 -> 0.54545455 | J5: 0.423 | K5: 0.765 | L5: =E5/D5 -> 0.31578947 | M5: =G5*Assumptions!$B$5 -> 9880 | N5: =F5-M5 -> 8294 | O5: =N5/D5 -> 218.26316 | P5: =1-(G5+C5-E5)/B5 -> 0.94950912 | Q5: =1-C5/B5 -> 0.96914446
A6: 16 May 2026 (predict 16 May-Jun) | B6: 1095 | C6: 31 | D6: 58 | E6: 14 | F6: 24050 | G6: 44 | H6: 0.879 | I6: =E6/C6 -> 0.4516129 | J6: 0.333 | K6: 0.613 | L6: =E6/D6 -> 0.24137931 | M6: =G6*Assumptions!$B$5 -> 16720 | N6: =F6-M6 -> 7330 | O6: =N6/D6 -> 126.37931 | P6: =1-(G6+C6-E6)/B6 -> 0.94429224 | Q6: =1-C6/B6 -> 0.9716895
A7: 1 May 2026 (model never saw post-change behaviour) | B7: 1422 | C7: 36 | D7: 76 | E7: 0 | F7: 0 | G7: 76 | H7: 0.184 | I7: =E7/C7 -> 0 | J7: 0 | K7: 0 | L7: =E7/D7 -> 0 | M7: =G7*Assumptions!$B$5 -> 28880 | N7: =F7-M7 -> -28880 | O7: =N7/D7 -> -380 | P7: =1-(G7+C7-E7)/B7 -> 0.92123769 | Q7: =1-C7/B7 -> 0.97468354
A9: Reading this:
A10: 1. Flagging claims LOWERS accuracy (col P < col Q) because every wrongly-held genuine claim counts as an error. A model that flags nothing beats a useful one on accuracy. Accuracy cannot be the KPI.
A11: 2. Rupees per claim checked (col O) is the number Farhan asked for. About Rs 130-220 net per check in the two usable backtests; wide uncertainty because June has only 22 fraud cases (cols J-K).
A12: 3. Row 3 is a warning, not a result: a model trained before the 1 May change is worse than random after it (AUC 0.18). The fraud pattern changed; the model must be retrained at least monthly.
A13: 4. Inputs in blue are measured from the labelled data (undecided and duplicate claims removed). Method: expanding partner fraud history using only earlier labels; post-May rows weighted 3x.

Sheet Fraud patterns
A1: Where the fraud is (labelled claims, duplicates and undecided removed)
A2: "New partner" = onboarded on or after 1 Apr 2025. "Since change" = claims from 1 May 2026.
A4: Segment | B4: Claims | C4: Fraud cases | D4: Fraud rate
A5: Before May 2026 - established partners | B5: 9454 | C5: 105 | D5: =C5/B5 -> 0.01110641
A6: Before May 2026 - new partners | B6: 270 | C6: 0 | D6: =C6/B6 -> 0
A7: Since May 2026 - established partners | B7: 1211 | C7: 2 | D7: =C7/B7 -> 0.0016515277
A8: Since May 2026 - new partners | B8: 211 | C8: 34 | D8: =C8/B8 -> 0.16113744
A9: Before May 2026 - claims under Rs 2,000 | B9: 5934 | C9: 32 | D9: =C9/B9 -> 0.0053926525
A10: Before May 2026 - claims Rs 2,000+ | B10: 3790 | C10: 73 | D10: =C10/B10 -> 0.019261214
A11: Since May 2026 - claims under Rs 2,000 | B11: 1085 | C11: 35 | D11: =C11/B11 -> 0.032258065
A12: Since May 2026 - claims Rs 2,000+ | B12: 337 | C12: 1 | D12: =C12/B12 -> 0.0029673591
A13: Since May 2026 - not inspected | B13: 1112 | C13: 35 | D13: =C13/B13 -> 0.03147482
A14: Since May 2026 - inspected | B14: 310 | C14: 1 | D14: =C14/B14 -> 0.0032258065
A16: All labelled claims | B16: =B5+B6+B7+B8 -> 11146 | C16: =C5+C6+C7+C8 -> 141 | D16: =C16/B16 -> 0.012650278
A18: Fraud since May 2026 sits at about 7 outlets, not all new partners
A19: Outlet | B19: Claims since May (labelled) | C19: Confirmed fraud | D19: Fraud rate | E19: City | F19: Onboarded
A20: SP3160 | B20: 12 | C20: 10 | D20: =C20/B20 -> 0.83333333 | E20: Pune | F20: 2025-12-27
A21: SP3232 | B21: 12 | C21: 7 | D21: =C21/B21 -> 0.58333333 | E21: Jaipur | F21: 2025-11-26
A22: SP3318 | B22: 13 | C22: 5 | D22: =C22/B22 -> 0.38461538 | E22: Hubballi | F22: 2025-12-06
A23: SP3129 | B23: 9 | C23: 4 | D23: =C23/B23 -> 0.44444444 | E23: Chennai | F23: 2026-01-19
A24: SP3319 | B24: 8 | C24: 3 | D24: =C24/B24 -> 0.375 | E24: Warangal | F24: 2026-02-11
A25: SP3118 | B25: 2 | C25: 2 | D25: =C25/B25 -> 1 | E25: Pune | F25: 2026-06-03
A26: SP3286 | B26: 2 | C26: 2 | D26: =C26/B26 -> 1 | E26: Mysuru | F26: 2026-06-04
A27: These 7 outlets | B27: =SUM(B20:B26) -> 58 | C27: =SUM(C20:C26) -> 33 | D27: =C27/B27 -> 0.56896552
A28: Other new partners with claims since May (about 38) | B28: =211-B27 -> 153 | C28: =34-C27 -> 1 | D28: =C28/B28 -> 0.0065359477
A30: Note: SP3118 and SP3286 each rest on 2 claims. Treat as strong suspicion, not proof.

Sheet Test period flags
A1: What the final model flags in Jul-Sep 2026 (top 5.3% of claims, ~40 a month)
A2: From predictions.csv; threshold = score of the 40th-highest claim per 750.
A4: Month | B4: Claims | C4: Flagged for review
A5: Jul 2026 | B5: 786 | C5: 39
A6: Aug 2026 | B6: 730 | C6: 37
A7: Sep 2026 | B7: 736 | C7: 45
A8: Total | B8: =SUM(B5:B7) -> 2252 | C8: =SUM(C5:C7) -> 121
A10: Outlet | B10: Flagged claims | C10: Share of all flags | D10: City | E10: Onboarded
A11: SP3118 | B11: 17 | C11: =B11/$C$8 -> 0.14049587 | D11: Pune | E11: 2026-06-03
A12: SP3286 | B12: 17 | C12: =B12/$C$8 -> 0.14049587 | D12: Mysuru | E12: 2026-06-04
A13: SP3318 | B13: 15 | C13: =B13/$C$8 -> 0.12396694 | D13: Hubballi | E13: 2025-12-06
A14: SP3129 | B14: 14 | C14: =B14/$C$8 -> 0.11570248 | D14: Chennai | E14: 2026-01-19
A15: SP3160 | B15: 13 | C15: =B15/$C$8 -> 0.10743802 | D15: Pune | E15: 2025-12-27
A16: SP3232 | B16: 11 | C16: =B16/$C$8 -> 0.090909091 | D16: Jaipur | E16: 2025-11-26
A17: SP3319 | B17: 10 | C17: =B17/$C$8 -> 0.082644628 | D17: Warangal | E17: 2026-02-11
A18: These 7 outlets | B18: =SUM(B11:B17) -> 97 | C18: =B18/$C$8 -> 0.80165289
A20: The 7 outlets are the ones with fraud in the training data. 80% of flags land on them, so the practical action is an outlet audit / pulling their auto-approve right, not 120 separate checks.

Sheet Rupee calculator
A1: Rupees stopped per claim checked - what-if
A2: Change the blue cells. Uses goodwill and capacity from Assumptions.
A5: Claims reviewed per month | B5: =Assumptions!B6 -> 40
A6: Average fraud claim amount (Rs) | B6: 1500 | C6: June backtest: 12 fraud claims stopped worth Rs 18,174 = about Rs 1,500 each. Since-May fraud averages Rs 1,865 (36 cases); pre-May fraud averaged Rs 5,433.
A7: Share of reviewed claims that are fraud (precision) | B7: 0.28 | C7: Backtest precision: 32% (12 of 38) in June, 24% (14 of 58) from 16 May. 28% is the middle.
A9: Rs of fraud stopped per month | B9: =B5*B7*B6 -> 16800
A10: Goodwill cost per month | B10: =B5*(1-B7)*Assumptions!B5 -> 10944
A11: Net rupees per month | B11: =B9-B10 -> 5856
A12: Net rupees per claim checked | B12: =B11/B5 -> 146.4
A13: Break-even precision at this average amount | B13: =Assumptions!B5/(B6+Assumptions!B5) -> 0.20212766
A15: Precision of reviewed claims | B15: Net Rs per claim checked | C15: Net Rs per month
A16: 0.1 | B16: =A16*$B$6-(1-A16)*Assumptions!$B$5 -> -192 | C16: =B16*$B$5 -> -7680
A17: 0.2 | B17: =A17*$B$6-(1-A17)*Assumptions!$B$5 -> -4 | C17: =B17*$B$5 -> -160
A18: 0.25 | B18: =A18*$B$6-(1-A18)*Assumptions!$B$5 -> 90 | C18: =B18*$B$5 -> 3600
A19: 0.3 | B19: =A19*$B$6-(1-A19)*Assumptions!$B$5 -> 184 | C19: =B19*$B$5 -> 7360
A20: 0.4 | B20: =A20*$B$6-(1-A20)*Assumptions!$B$5 -> 372 | C20: =B20*$B$5 -> 14880
A21: 0.5 | B21: =A21*$B$6-(1-A21)*Assumptions!$B$5 -> 560 | C21: =B21*$B$5 -> 22400
A22: 0.6 | B22: =A22*$B$6-(1-A22)*Assumptions!$B$5 -> 748 | C22: =B22*$B$5 -> 29920

Sheet Data issues & decisions
A1: Data problems found and what was decided
A3: Issue | B3: What was found | C3: Decision | D3: Effect on result
A4: Re-submitted claims | B4: 681 train rows repeat an earlier claim_id (same content, later timestamp). Labels agree. | C4: Kept the first submission of each claim; grouped by claim, never split across validation. | D4: Stops duplicates inflating accuracy and leaking into validation.
A5: Undecided cases | B5: 202 labelled-blank claims (all CRM, Oct 2025 onward). | C5: Excluded from training - not treated as "not fraud". | D5: Avoids teaching the model that open cases are genuine.
A6: Legacy blanks stored as 0 | B6: Email says old Zoho blanks came across as 0. Pre-Oct 2025 rows have no blanks at all, though CRM rows run ~3% blank. | C6: Cannot identify them. Assumed ~3% of legacy "genuine" labels are really open. Documented, not corrected. | D6: Fraud rate in old data is probably slightly understated. Small.
A7: Messy serials | B7: 4 formats (case, hyphen, leading space). 30% non-standard. | C7: Normalised; serial reuse tested and found to carry no fraud signal, so not used. | D7: None.
A8: Regime change 1 May 2026 | B8: Claims under Rs 2,000 auto-approved; inspection fell from 93% to 22%. Fraud rate since: 2.5% vs 1.1% before. | C8: Weighted post-May claims 3x; retrain monthly. | D8: Model before the change is worse than random after it.
A9: Partner history is stale | B9: Labels stop 30 Jun 2026; test is Jul-Sep. Outlets onboarded after that have no history. | C9: Outlet history is the strongest signal; unknown outlets get the company average. Re-feed new outcomes monthly. | D9: Expect weaker results on brand-new outlets.
A10: Accuracy KPI | B10: 97% accuracy: flagging nothing scores 96.9% in June (98.8% across all history). | C10: Report rupees per claim checked and fraud caught per 40 reviews. Show accuracy for reference only. | D10: Changes the KPI conversation with the board.
A11: Timestamps / UTC | B11: Policy s9: legacy resolution events are in UTC. No resolution-event column exists in this pack; submitted_at is IST. | C11: No adjustment needed; hour of day was tested and carries no signal. | D11: None.
A12: Contact cost Rs 260 | B12: Policy gives a blended cost per service contact; not stated whether a review incurs one. | C12: Excluded. If each review costs Rs 260, net per check falls by up to Rs 260 - see Rupee calculator. | D12: Stated so it is not a surprise.

Sheet Next steps
A1: Deliverables checklist
A3: Deliverable | B3: Status | C3: Where / who
A4: 1. predictions.csv (2,252 rows, matches sample_submission) | B4: Done | C4: kestrel-fraud/predictions.csv
A5: Expected-score statement in the submission form | B5: To write | C5: Draft in submission-form.md; edit before sending
A6: 2. Service: /api/score endpoint + screen, no API key | B6: Done, tested | C6: kestrel-fraud/server.py, README.md
A7: 3. Evidence (this workbook) | B7: Done | C7: This file
A8: 4. One-page memo to Ritu | B8: To write | C8: Next
A9: 5. Screen recording, max 3 minutes | B9: YOU must record | C9: Cannot be produced by an assistant
A10: 6. submission-form.md | B10: To write | C10: Tools used / cost / discarded must be YOUR honest account
